conf,target_ca_rmsd,switch2_rmsd,siip_volume,max_disp
0,0.000,,282.053,0.00
1,0.062,0.14613150470267053,280.658,0.41
2,0.123,0.29214123296789146,269.296,0.82
3,0.185,0.43798325690981965,287.052,1.22
4,0.247,0.5840211896840728,282.633,1.63
5,0.309,0.7300916038416005,280.657,2.04
6,0.370,0.8761454882989849,290.138,2.45
7,0.432,1.0222698600010987,288.764,2.86
8,0.494,1.1681233881743824,285.502,3.26
9,0.556,1.314100199122325,287.068,3.67
10,0.617,1.4603518411670526,392.632,4.08
11,0.679,1.6062218350319273,395.616,4.49
12,0.741,1.752408009948976,408.258,4.90
13,0.803,1.898212448594729,404.926,5.30
14,0.864,2.0442664943690683,403.581,5.71
15,0.926,2.1904642392272318,749.872,6.12
16,0.988,2.336404948491022,747.793,6.53
17,1.050,2.482536488486456,738.722,6.94
18,1.111,2.6282588818455452,749.575,7.35
19,1.173,2.7744348223256803,750.205,7.75
20,1.235,2.9205272069725132,732.363,8.16
21,1.297,3.066503356158824,744.291,8.57
22,1.358,3.212716620452748,720.634,8.98
23,1.420,3.3583549296245225,694.144,9.39
