conf,openness,n_fragments,top_rank,dca,union_precision,union_recall,union_f1,union_mcc,best_single_recall
0,283.664,,,,,,,,
1,280.399,1,2,4.36,1.000,0.300,0.462,0.523,0.300
2,273.943,1,2,4.38,1.000,0.300,0.462,0.523,0.300
3,275.089,1,2,4.39,1.000,0.300,0.462,0.523,0.300
4,277.954,1,3,4.34,1.000,0.350,0.519,0.567,0.350
5,271.33,1,2,4.35,1.000,0.350,0.519,0.567,0.350
6,291.114,1,2,4.37,1.000,0.400,0.571,0.608,0.400
7,290.577,1,2,4.46,1.000,0.300,0.462,0.523,0.300
8,283.955,,,,,,,,
9,287.645,,,,,,,,
10,402.453,1,3,4.51,1.000,0.300,0.462,0.523,0.300
11,398.677,1,3,4.53,1.000,0.300,0.462,0.523,0.300
12,420.992,1,3,4.03,1.000,0.350,0.519,0.567,0.350
13,402.392,1,3,3.77,1.000,0.350,0.519,0.567,0.350
14,396.141,1,3,3.91,1.000,0.350,0.519,0.567,0.350
15,757.989,1,3,3.81,1.000,0.350,0.519,0.567,0.350
16,757.86,,,,,,,,
17,715.292,,,,,,,,
18,737.531,,,,,,,,
19,722.959,,,,,,,,
20,722.849,1,2,3.93,1.000,0.400,0.571,0.608,0.400
21,719.242,1,2,3.42,1.000,0.400,0.571,0.608,0.400
22,700.631,1,2,3.48,1.000,0.450,0.621,0.647,0.450
23,681.688,1,2,3.69,1.000,0.450,0.621,0.647,0.450
